{
  "POST - Create Product" : {
    "transaction" : "POST - Create Product",
    "sampleCount" : 7067,
    "errorCount" : 0,
    "errorPct" : 0.0,
    "meanResTime" : 2.657846328003395,
    "medianResTime" : 2.0,
    "minResTime" : 1.0,
    "maxResTime" : 84.0,
    "pct1ResTime" : 4.0,
    "pct2ResTime" : 6.0,
    "pct3ResTime" : 12.0,
    "throughput" : 23.6178368641448,
    "receivedKBytesPerSec" : 9.27755751980964,
    "sentKBytesPerSec" : 7.319667574434452
  },
  "Total" : {
    "transaction" : "Total",
    "sampleCount" : 14111,
    "errorCount" : 0,
    "errorPct" : 0.0,
    "meanResTime" : 8.03118134788462,
    "medianResTime" : 8.0,
    "minResTime" : 1.0,
    "maxResTime" : 95.0,
    "pct1ResTime" : 16.0,
    "pct2ResTime" : 18.0,
    "pct3ResTime" : 24.0,
    "throughput" : 47.15754717926953,
    "receivedKBytesPerSec" : 17.833124351462583,
    "sentKBytesPerSec" : 10.330980444455955
  },
  "GET - Get Random Product" : {
    "transaction" : "GET - Get Random Product",
    "sampleCount" : 7044,
    "errorCount" : 0,
    "errorPct" : 0.0,
    "meanResTime" : 13.422061328790504,
    "medianResTime" : 12.0,
    "minResTime" : 7.0,
    "maxResTime" : 95.0,
    "pct1ResTime" : 18.0,
    "pct2ResTime" : 20.0,
    "pct3ResTime" : 26.0,
    "throughput" : 23.59364271239805,
    "receivedKBytesPerSec" : 8.575187282284672,
    "sentKBytesPerSec" : 3.018327339183735
  }
}