{
  "POST - Create Product" : {
    "transaction" : "POST - Create Product",
    "sampleCount" : 7047,
    "errorCount" : 0,
    "errorPct" : 0.0,
    "meanResTime" : 2.4323825741450316,
    "medianResTime" : 2.0,
    "minResTime" : 0.0,
    "maxResTime" : 62.0,
    "pct1ResTime" : 4.0,
    "pct2ResTime" : 5.0,
    "pct3ResTime" : 10.0,
    "throughput" : 23.59357579775213,
    "receivedKBytesPerSec" : 9.268403133506093,
    "sentKBytesPerSec" : 7.312590553781099
  },
  "Total" : {
    "transaction" : "Total",
    "sampleCount" : 14073,
    "errorCount" : 0,
    "errorPct" : 0.0,
    "meanResTime" : 8.386200525829585,
    "medianResTime" : 9.0,
    "minResTime" : 0.0,
    "maxResTime" : 81.0,
    "pct1ResTime" : 17.0,
    "pct2ResTime" : 19.0,
    "pct3ResTime" : 26.0,
    "throughput" : 47.106749189113195,
    "receivedKBytesPerSec" : 17.88389755273693,
    "sentKBytesPerSec" : 10.31970352421949
  },
  "GET - Get Random Product" : {
    "transaction" : "GET - Get Random Product",
    "sampleCount" : 7026,
    "errorCount" : 0,
    "errorPct" : 0.0,
    "meanResTime" : 14.357813834329626,
    "medianResTime" : 13.0,
    "minResTime" : 8.0,
    "maxResTime" : 81.0,
    "pct1ResTime" : 19.0,
    "pct2ResTime" : 22.0,
    "pct3ResTime" : 27.729999999999563,
    "throughput" : 23.579317589177542,
    "receivedKBytesPerSec" : 8.639864313419336,
    "sentKBytesPerSec" : 3.0164947306467362
  }
}