{
  "POST - Create Product" : {
    "transaction" : "POST - Create Product",
    "sampleCount" : 5437,
    "errorCount" : 0,
    "errorPct" : 0.0,
    "meanResTime" : 1.813132242045246,
    "medianResTime" : 1.0,
    "minResTime" : 0.0,
    "maxResTime" : 158.0,
    "pct1ResTime" : 2.0,
    "pct2ResTime" : 2.0,
    "pct3ResTime" : 19.61999999999989,
    "throughput" : 18.195874218551293,
    "receivedKBytesPerSec" : 7.378628371357144,
    "sentKBytesPerSec" : 5.923481482635776
  },
  "Total" : {
    "transaction" : "Total",
    "sampleCount" : 21729,
    "errorCount" : 0,
    "errorPct" : 0.0,
    "meanResTime" : 3.736067007225386,
    "medianResTime" : 3.0,
    "minResTime" : 0.0,
    "maxResTime" : 233.0,
    "pct1ResTime" : 5.0,
    "pct2ResTime" : 6.0,
    "pct3ResTime" : 23.0,
    "throughput" : 72.61249941519687,
    "receivedKBytesPerSec" : 28.544521846156677,
    "sentKBytesPerSec" : 12.879672342111508
  },
  "GET - Get Random Product" : {
    "transaction" : "GET - Get Random Product",
    "sampleCount" : 16292,
    "errorCount" : 0,
    "errorPct" : 0.0,
    "meanResTime" : 4.377792781733372,
    "medianResTime" : 4.0,
    "minResTime" : 2.0,
    "maxResTime" : 233.0,
    "pct1ResTime" : 5.0,
    "pct2ResTime" : 6.0,
    "pct3ResTime" : 22.0,
    "throughput" : 54.44350133335116,
    "receivedKBytesPerSec" : 21.176792045674798,
    "sentKBytesPerSec" : 6.964940111981448
  }
}